"date","season","year","month","day_of_week","weekend","holiday","temp_actual","temp_feel","humidity","windspeed","weather_cat","rides"
"2011-01-01","winter",2011,"Jan","Sat",TRUE,"no",57.3995246,64.72625,0.805833,10.749882,"categ2",654
"2011-01-03","winter",2011,"Jan","Mon",FALSE,"no",46.4916632,49.04645,0.437273,16.636703,"categ1",1229
"2011-01-04","winter",2011,"Jan","Tue",FALSE,"no",46.76,51.09098,0.590435,10.739832,"categ1",1454
"2011-01-05","winter",2011,"Jan","Wed",FALSE,"no",48.7494266,52.6343,0.436957,12.5223,"categ1",1518
"2011-01-07","winter",2011,"Jan","Fri",FALSE,"no",46.5033236,50.79551,0.498696,11.304642,"categ2",1362
"2011-01-08","winter",2011,"Jan","Sat",TRUE,"no",44.177,46.60286,0.535833,17.875868,"categ2",891
"2011-01-10","winter",2011,"Jan","Mon",FALSE,"no",43.1314754,45.57992,0.482917,14.958889,"categ1",1280
"2011-01-11","winter",2011,"Jan","Tue",FALSE,"no",44.4789158,49.23176,0.686364,8.182844,"categ2",1220
"2011-01-12","winter",2011,"Jan","Wed",FALSE,"no",44.7472526,46.44257,0.599545,20.410009,"categ1",1137
"2011-01-13","winter",2011,"Jan","Thu",FALSE,"no",44.177,45.57947,0.470417,20.167,"categ1",1368
"2011-01-14","winter",2011,"Jan","Fri",FALSE,"no",43.872206,48.95717,0.537826,8.478716,"categ1",1367
"2011-01-15","winter",2011,"Jan","Sat",TRUE,"no",49.2199754,54.33008,0.49875,10.583521,"categ2",1026
"2011-01-16","winter",2011,"Jan","Sun",TRUE,"no",49.0970246,53.07953,0.48375,12.625011,"categ1",953
"2011-01-17","winter",2011,"Jan","Mon",FALSE,"yes",44.9764754,47.90939,0.5375,12.999139,"categ2",883
"2011-01-18","winter",2011,"Jan","Tue",FALSE,"no",47.9900246,52.90997,0.861667,9.833925,"categ2",674
"2011-01-19","winter",2011,"Jan","Wed",FALSE,"no",53.5624412,58.85798,0.741739,13.957239,"categ2",1572
"2011-01-20","winter",2011,"Jan","Thu",FALSE,"no",51.3110246,54.9545,0.538333,13.125568,"categ2",1844
"2011-01-21","winter",2011,"Jan","Fri",FALSE,"no",45.0995,46.20497,0.457083,23.667214,"categ1",1468
"2011-01-25","winter",2011,"Jan","Tue",FALSE,"no",48.4926764,53.10734,0.616957,8.696332,"categ2",1799
"2011-01-26","winter",2011,"Jan","Wed",FALSE,"no",48.0515,50.324,0.8625,19.68795,"categ3",472
"2011-01-27","winter",2011,"Jan","Thu",FALSE,"no",46.391,51.773,0.6875,7.627079,"categ1",416
"2011-01-29","winter",2011,"Jan","Sat",TRUE,"no",46.5033236,51.09134,0.651739,9.739455,"categ1",975
"2011-01-30","winter",2011,"Jan","Sun",TRUE,"no",47.9793236,54.52898,0.722174,4.9568342,"categ1",956
"2011-01-31","winter",2011,"Jan","Mon",FALSE,"no",45.3454754,48.7625,0.60375,12.541864,"categ2",1459
"2011-02-01","winter",2011,"Feb","Tue",FALSE,"no",46.1824412,53.1077,0.829565,3.565271,"categ2",1313
"2011-02-02","winter",2011,"Feb","Wed",FALSE,"no",51.188,54.89753,0.775417,17.708636,"categ2",1454
"2011-02-03","winter",2011,"Feb","Thu",FALSE,"no",45.7974266,48.00902,0.437826,18.609384,"categ1",1489
"2011-02-05","winter",2011,"Feb","Sat",TRUE,"no",49.2199754,53.87522,0.929167,10.792293,"categ2",905
"2011-02-06","winter",2011,"Feb","Sun",TRUE,"no",53.0944754,58.25039,0.568333,9.5006,"categ1",1269
"2011-02-07","winter",2011,"Feb","Mon",FALSE,"no",52.0490246,59.32922,0.738333,3.0423561,"categ1",1592
"2011-02-08","winter",2011,"Feb","Tue",FALSE,"no",48.2974754,49.84214,0.537917,24.25065,"categ1",1466
"2011-02-10","winter",2011,"Feb","Thu",FALSE,"no",42.6528824,45.45932,0.437391,14.869645,"categ1",1491
"2011-02-11","winter",2011,"Feb","Fri",FALSE,"no",45.9549158,51.21581,0.506364,7.27285,"categ1",1597
"2011-02-12","winter",2011,"Feb","Sat",TRUE,"no",48.4205,52.96586,0.544167,13.625589,"categ1",1184
"2011-02-13","winter",2011,"Feb","Sun",TRUE,"no",55.3593236,61.17017,0.457391,17.479161,"categ1",1192
"2011-02-14","winter",2011,"Feb","Mon",FALSE,"no",62.627,67.8515,0.375833,27.999836,"categ1",1705
"2011-02-15","winter",2011,"Feb","Tue",FALSE,"no",51.6372206,54.88466,0.314348,19.522058,"categ1",1675
"2011-02-16","winter",2011,"Feb","Wed",FALSE,"no",55.4876618,60.458,0.423478,16.869997,"categ1",1897
"2011-02-17","winter",2011,"Feb","Thu",FALSE,"no",64.1644754,70.57922,0.505,15.416968,"categ1",2216
"2011-02-18","winter",2011,"Feb","Fri",FALSE,"no",70.4990246,78.07847,0.516667,17.749975,"categ1",2348
"2011-02-19","winter",2011,"Feb","Sat",TRUE,"no",61.4585246,67.22636,0.187917,34.000021,"categ1",1103
"2011-02-20","winter",2011,"Feb","Sun",TRUE,"no",53.0490146,56.9597,0.407826,14.956745,"categ1",1173
"2011-02-21","winter",2011,"Feb","Mon",FALSE,"yes",54.3859754,57.56675,0.605,20.625682,"categ2",912
"2011-02-22","winter",2011,"Feb","Tue",FALSE,"no",45.4479836,48.74297,0.577778,13.110761,"categ1",1376
"2011-02-23","winter",2011,"Feb","Wed",FALSE,"no",48.3643382,54.11453,0.423043,6.305571,"categ1",1778
"2011-02-24","winter",2011,"Feb","Thu",FALSE,"no",53.8191176,58.02719,0.697391,16.783232,"categ2",1707
"2011-02-25","winter",2011,"Feb","Fri",FALSE,"no",58.8888824,63.54149,0.712174,23.218113,"categ2",1341
"2011-02-26","winter",2011,"Feb","Sat",TRUE,"no",52.8485,57.39728,0.537917,12.500257,"categ1",1545
"2011-02-27","winter",2011,"Feb","Sun",TRUE,"no",57.3486764,63.59981,0.68,8.391616,"categ1",1708
"2011-03-01","winter",2011,"Mar","Tue",FALSE,"no",51.6800246,55.74911,0.535,14.500475,"categ1",1714
"2011-03-03","winter",2011,"Mar","Thu",FALSE,"no",46.6369754,50.01197,0.318333,15.125518,"categ1",1562
"2011-03-04","winter",2011,"Mar","Fri",FALSE,"no",51.3110246,55.01111,0.610417,13.624182,"categ2",1730
"2011-03-05","winter",2011,"Mar","Sat",TRUE,"no",60.3515246,66.09011,0.789167,16.875357,"categ2",1437
"2011-03-07","winter",2011,"Mar","Mon",FALSE,"no",51.3163382,53.46149,0.551304,22.870584,"categ1",1628
"2011-03-08","winter",2011,"Mar","Tue",FALSE,"no",53.5865,59.216,0.420833,8.08355,"categ1",1817
"2011-03-09","winter",2011,"Mar","Wed",FALSE,"no",53.8324754,57.79472,0.775417,14.75005,"categ2",1700
"2011-03-10","winter",2011,"Mar","Thu",FALSE,"no",60.7149158,66.71012,0,17.545759,"categ3",577
"2011-03-11","winter",2011,"Mar","Fri",FALSE,"no",55.3593236,59.45,0.649565,15.60899,"categ2",1730
"2011-03-12","winter",2011,"Mar","Sat",TRUE,"no",56.2925246,61.3175,0.594583,14.791925,"categ1",1408
"2011-03-13","winter",2011,"Mar","Sun",TRUE,"no",60.3648824,66.20819,0.527391,18.130468,"categ1",1435
"2011-03-14","winter",2011,"Mar","Mon",FALSE,"no",56.0010146,61.88,0.496957,9.174042,"categ1",1687
"2011-03-15","winter",2011,"Mar","Tue",FALSE,"no",55.4234558,60.63602,0.655652,12.348703,"categ2",1767
"2011-03-16","winter",2011,"Mar","Wed",FALSE,"no",58.9530146,65.0237,0.776522,13.608839,"categ2",1871
"2011-03-17","winter",2011,"Mar","Thu",FALSE,"no",62.627,68.92997,0.602917,14.041793,"categ1",2320
"2011-03-18","winter",2011,"Mar","Fri",FALSE,"no",71.852,79.43081,0.525217,15.478139,"categ1",2355
"2011-03-19","winter",2011,"Mar","Sat",TRUE,"no",66.8705,73.98725,0.379167,24.667189,"categ1",1693
"2011-03-20","winter",2011,"Mar","Sun",TRUE,"no",56.5385,61.3175,0.47375,13.917307,"categ1",1424
"2011-03-21","spring",2011,"Mar","Mon",FALSE,"no",63.766103,68.87615,0.737391,19.348461,"categ2",1676
"2011-03-23","spring",2011,"Mar","Wed",FALSE,"no",57.6054266,62.41451,0.839565,15.695487,"categ2",1918
"2011-03-24","spring",2011,"Mar","Thu",FALSE,"no",53.033,56.37497,0.805833,16.333729,"categ2",1699
"2011-03-26","spring",2011,"Mar","Sat",TRUE,"no",51.6184754,55.18139,0.394167,14.041257,"categ1",1515
"2011-03-27","spring",2011,"Mar","Sun",TRUE,"no",50.6745734,54.53051,0.493913,12.3481,"categ2",1221
"2011-03-28","spring",2011,"Mar","Mon",FALSE,"no",51.5088824,55.18166,0.302174,14.217668,"categ1",1806
"2011-03-29","spring",2011,"Mar","Tue",FALSE,"no",54.3245,58.36172,0.314167,15.208732,"categ1",2108
"2011-03-30","spring",2011,"Mar","Wed",FALSE,"no",54.14,58.7615,0.646667,11.583496,"categ2",1368
"2011-03-31","spring",2011,"Mar","Thu",FALSE,"no",51.8029754,55.18175,0.918333,14.582282,"categ3",1506
"2011-04-01","spring",2011,"Apr","Fri",FALSE,"no",54.14,57.51086,0.68625,17.333436,"categ2",1920
"2011-04-02","spring",2011,"Apr","Sat",TRUE,"no",55.247,60.40733,0.65375,13.208782,"categ2",1354
"2011-04-03","spring",2011,"Apr","Sun",TRUE,"no",59.9209754,66.08903,0.48,12.208271,"categ1",1598
"2011-04-04","spring",2011,"Apr","Mon",FALSE,"no",74.3119754,80.86361,0.42625,25.833257,"categ1",2381
"2011-04-05","spring",2011,"Apr","Tue",FALSE,"no",62.5655246,67.8515,0.642083,26.000489,"categ2",1628
"2011-04-07","spring",2011,"Apr","Thu",FALSE,"no",64.2875,71.03264,0.602917,10.874904,"categ1",2570
"2011-04-08","spring",2011,"Apr","Fri",FALSE,"no",56.7844754,61.20311,0.83625,15.208464,"categ2",1299
"2011-04-09","spring",2011,"Apr","Sat",TRUE,"no",57.2765,62.73761,0.8775,8.916561,"categ2",1576
"2011-04-10","spring",2011,"Apr","Sun",TRUE,"no",63.4880246,70.40633,0.8575,9.833389,"categ2",1707
"2011-04-11","spring",2011,"Apr","Mon",FALSE,"no",75.9591176,82.86953,0.716956,21.739758,"categ2",2493
"2011-04-12","spring",2011,"Apr","Tue",FALSE,"no",69.0845,76.37486,0.739167,18.416893,"categ2",1777
"2011-04-13","spring",2011,"Apr","Wed",FALSE,"no",62.4425,69.55547,0.819167,16.791339,"categ2",1953
"2011-04-14","spring",2011,"Apr","Thu",FALSE,"no",66.5015,73.64678,0.540417,7.4169,"categ1",2738
"2011-04-15","spring",2011,"Apr","Fri",FALSE,"yes",64.9640246,71.77217,0.67125,15.167125,"categ1",2484
"2011-04-16","spring",2011,"Apr","Sat",TRUE,"no",63.7954754,70.29428,0.888333,22.834136,"categ3",674
"2011-04-17","spring",2011,"Apr","Sun",TRUE,"no",65.7020246,72.11264,0.479583,20.334232,"categ1",2186
"2011-04-18","spring",2011,"Apr","Mon",FALSE,"no",69.8225,77.28314,0.5425,10.958989,"categ1",2760
"2011-04-19","spring",2011,"Apr","Tue",FALSE,"no",69.3304754,76.03322,0.665833,10.584057,"categ2",2795
"2011-04-20","spring",2011,"Apr","Wed",FALSE,"no",75.911,82.79528,0.614167,16.208975,"categ1",3331
"2011-04-21","spring",2011,"Apr","Thu",FALSE,"no",65.8865246,72.85028,0.407083,21.792286,"categ1",3444
"2011-04-22","spring",2011,"Apr","Fri",FALSE,"no",56.8460246,60.97586,0.729583,14.707907,"categ2",1506
"2011-04-23","spring",2011,"Apr","Sat",TRUE,"no",65.948,72.51089,0.887917,15.458575,"categ2",2574
"2011-04-24","spring",2011,"Apr","Sun",TRUE,"no",74.9270246,81.65867,0.810833,12.875725,"categ2",2481
"2011-04-25","spring",2011,"Apr","Mon",FALSE,"no",76.7720246,83.705,0.776667,12.417311,"categ1",3300
"2011-04-26","spring",2011,"Apr","Tue",FALSE,"no",78.6170246,85.46747,0.729167,21.8755,"categ1",3722
"2011-04-27","spring",2011,"Apr","Wed",FALSE,"no",77.756,83.76278,0.835417,20.9174,"categ2",3325
"2011-04-28","spring",2011,"Apr","Thu",FALSE,"no",77.5715,84.10361,0.700833,21.500836,"categ2",3489
"2011-04-29","spring",2011,"Apr","Fri",FALSE,"no",69.638,76.77167,0.457083,16.084221,"categ1",3717
"2011-04-30","spring",2011,"Apr","Sat",TRUE,"no",66.8705,73.76189,0.503333,15.750025,"categ1",3347
"2011-05-01","spring",2011,"May","Sun",TRUE,"no",65.3330246,72.33836,0.762083,7.125718,"categ2",2213
"2011-05-02","spring",2011,"May","Mon",FALSE,"no",72.5285246,79.95497,0.73,12.291418,"categ2",3554
"2011-05-03","spring",2011,"May","Tue",FALSE,"no",77.5100246,84.38711,0.697083,22.958689,"categ2",3848
"2011-05-04","spring",2011,"May","Wed",FALSE,"no",62.5655246,68.4185,0.737083,22.042732,"categ2",2378
"2011-05-05","spring",2011,"May","Thu",FALSE,"no",65.8865246,71.77253,0.444167,19.791264,"categ1",3819
"2011-05-06","spring",2011,"May","Fri",FALSE,"no",67.3625246,74.67053,0.59,15.292482,"categ1",3714
"2011-05-07","spring",2011,"May","Sat",TRUE,"no",70.376,78.13589,0.54125,10.75015,"categ1",3102
"2011-05-08","spring",2011,"May","Sun",TRUE,"no",70.9909754,78.70397,0.631667,5.0007125,"categ1",2932
"2011-05-10","spring",2011,"May","Tue",FALSE,"no",71.2985,79.04489,0.489167,7.749957,"categ1",4109
"2011-05-11","spring",2011,"May","Wed",FALSE,"no",72.0365,79.556,0.632917,8.083014,"categ1",3632
"2011-05-12","spring",2011,"May","Thu",FALSE,"no",71.483,79.10267,0.7475,12.707689,"categ1",4169
"2011-05-13","spring",2011,"May","Fri",FALSE,"no",69.8225,76.487,0.863333,12.041575,"categ2",3413
"2011-05-14","spring",2011,"May","Sat",TRUE,"no",70.4374754,77.05661,0.9225,9.04165,"categ2",2507
"2011-05-15","spring",2011,"May","Sun",TRUE,"no",73.5125,80.24,0.867083,10.249593,"categ2",2971
"2011-05-16","spring",2011,"May","Mon",FALSE,"no",74.6195,81.54608,0.787917,8.500357,"categ1",3185
"2011-05-17","spring",2011,"May","Tue",FALSE,"no",73.4510246,80.46761,0.837917,18.582718,"categ2",3445
"2011-05-18","spring",2011,"May","Wed",FALSE,"no",72.59,79.44422,0.87,13.499964,"categ2",3319
"2011-05-19","spring",2011,"May","Thu",FALSE,"no",71.1754754,77.96678,0.829583,7.250271,"categ2",3840
"2011-05-20","spring",2011,"May","Fri",FALSE,"no",71.6060246,79.61378,0.719583,8.375871,"categ1",4008
"2011-05-21","spring",2011,"May","Sat",TRUE,"no",76.4645,83.47775,0.626667,8.08355,"categ1",3547
"2011-05-22","spring",2011,"May","Sun",TRUE,"no",76.5875246,83.705,0.749583,9.916536,"categ1",3084
"2011-05-23","spring",2011,"May","Mon",FALSE,"no",78.6170246,85.12664,0.81,15.667414,"categ2",3438
"2011-05-24","spring",2011,"May","Tue",FALSE,"no",80.708,86.43317,0.740833,13.875164,"categ2",3833
"2011-06-03","spring",2011,"Jun","Fri",FALSE,"no",77.756,84.84197,0.354167,16.959107,"categ1",4414
"2011-06-04","spring",2011,"Jun","Sat",TRUE,"no",78.863,85.52264,0.45625,8.250514,"categ1",3473
"2011-06-13","spring",2011,"Jun","Mon",FALSE,"no",78.863,86.14886,0.494583,20.45845,"categ1",4157
"2011-06-14","spring",2011,"Jun","Tue",FALSE,"no",76.5875246,85.23914,0.507083,18.041961,"categ1",4164
"2011-06-16","spring",2011,"Jun","Thu",FALSE,"no",78.3709754,85.58114,0.688333,13.833557,"categ2",3222
"2011-06-17","spring",2011,"Jun","Fri",FALSE,"no",79.9085246,86.03447,0.735833,9.582943,"categ1",3981
"2011-06-20","spring",2011,"Jun","Mon",FALSE,"no",78.863,85.58114,0.74625,10.416825,"categ2",3311
"2011-08-23","summer",2011,"Aug","Tue",FALSE,"no",79.2934754,86.54603,0.455417,9.833121,"categ1",4614
"2011-08-29","summer",2011,"Aug","Mon",FALSE,"no",78.9860246,86.71622,0.554583,10.708275,"categ1",3905
"2011-08-30","summer",2011,"Aug","Tue",FALSE,"no",79.1705246,85.52336,0.548333,8.375536,"categ1",4429
"2011-09-02","summer",2011,"Sep","Fri",FALSE,"no",79.4779754,86.43272,0.727083,9.375243,"categ2",3852
"2011-09-06","summer",2011,"Sep","Tue",FALSE,"no",71.852,78.368,0.886957,23.044181,"categ3",2506
"2011-09-07","summer",2011,"Sep","Wed",FALSE,"no",76.2185246,80.98061,0.917083,6.5003936,"categ3",1878
"2011-09-08","summer",2011,"Sep","Thu",FALSE,"no",78.7827794,81.98249,0.939565,12.914116,"categ3",1689
"2011-09-09","summer",2011,"Sep","Fri",FALSE,"no",79.97,84.10514,0.897917,8.333393,"categ2",3127
"2011-09-10","summer",2011,"Sep","Sat",TRUE,"no",80.708,86.71658,0.75375,10.291736,"categ1",3595
"2011-09-11","summer",2011,"Sep","Sun",TRUE,"no",80.2159754,86.83061,0.71375,7.708618,"categ1",3413
"2011-09-12","summer",2011,"Sep","Mon",FALSE,"no",79.5528824,86.1917,0.692174,5.957171,"categ1",4023
"2011-09-13","summer",2011,"Sep","Tue",FALSE,"no",80.0314754,86.31986,0.7125,9.500868,"categ1",4062
"2011-09-16","summer",2011,"Sep","Fri",FALSE,"no",66.6245246,73.53275,0.590417,11.000261,"categ2",4018
"2011-09-17","summer",2011,"Sep","Sat",TRUE,"no",68.2850246,75.06608,0.718333,12.708225,"categ2",3077
"2011-09-18","summer",2011,"Sep","Sun",TRUE,"no",69.4535,76.14833,0.695,11.958361,"categ1",2921
"2011-09-19","summer",2011,"Sep","Mon",FALSE,"no",72.5285246,79.67075,0.69,10.166714,"categ2",3848
"2011-09-20","summer",2011,"Sep","Tue",FALSE,"no",73.4510246,79.89953,0.88125,9.041918,"categ2",3203
"2011-09-21","summer",2011,"Sep","Wed",FALSE,"no",75.911,81.54797,0.9,6.4590814,"categ2",3813
"2011-09-22","summer",2011,"Sep","Thu",FALSE,"no",78.3709754,81.94667,0.902083,8.584375,"categ2",4240
"2011-09-23","fall",2011,"Sep","Fri",FALSE,"no",76.9565246,78.99125,0.9725,5.2505689,"categ2",2137
"2011-09-24","fall",2011,"Sep","Sat",TRUE,"no",76.7720246,82.79708,0.8625,5.2516811,"categ2",3647
"2011-09-25","fall",2011,"Sep","Sun",TRUE,"no",78.8015246,83.53733,0.845,3.3754064,"categ2",3466
"2011-09-26","fall",2011,"Sep","Mon",FALSE,"no",79.9085246,85.01378,0.848333,7.4169,"categ2",3946
"2011-09-27","fall",2011,"Sep","Tue",FALSE,"no",78.9860246,83.70725,0.885417,7.917457,"categ2",3643
"2011-09-28","fall",2011,"Sep","Wed",FALSE,"no",78.863,83.76422,0.84875,9.958143,"categ2",3427
"2011-09-29","fall",2011,"Sep","Thu",FALSE,"no",77.5100246,83.70608,0.699167,11.583161,"categ1",4186
"2011-09-30","fall",2011,"Sep","Fri",FALSE,"no",73.6355246,81.03461,0.6475,13.833825,"categ1",4372
"2011-10-01","fall",2011,"Oct","Sat",TRUE,"no",62.258,69.15767,0.75375,19.583832,"categ2",1949
"2011-10-03","fall",2011,"Oct","Mon",FALSE,"no",60.3515246,67.28414,0.760833,5.5841686,"categ2",3240
"2011-10-04","fall",2011,"Oct","Tue",FALSE,"no",67.7315246,74.55722,0.71,13.792218,"categ1",3970
"2011-10-05","fall",2011,"Oct","Wed",FALSE,"no",71.7289754,79.44242,0.647917,11.87575,"categ1",4267
"2011-10-07","fall",2011,"Oct","Fri",FALSE,"no",69.6994754,77.39636,0.684167,1.5002439,"categ1",4036
"2011-10-08","fall",2011,"Oct","Sat",TRUE,"no",70.4990246,78.19178,0.70125,3.0420814,"categ1",3174
"2011-10-09","fall",2011,"Oct","Sun",TRUE,"no",71.9134754,79.15847,0.7275,4.25115,"categ1",3114
"2011-10-10","fall",2011,"Oct","Mon",FALSE,"yes",74.1274754,80.86325,0.73375,2.8343814,"categ1",3603
"2011-10-11","fall",2011,"Oct","Tue",FALSE,"no",73.8200246,81.14864,0.80875,9.583814,"categ2",3896
"2011-10-12","fall",2011,"Oct","Wed",FALSE,"no",72.0979754,78.59453,0.90625,16.62605,"categ3",2199
"2011-10-13","fall",2011,"Oct","Thu",FALSE,"no",75.4805246,81.66236,0.896667,9.499729,"categ2",2623
"2011-10-14","fall",2011,"Oct","Fri",FALSE,"no",72.6514754,79.67075,0.71625,15.000161,"categ2",3115
"2011-10-15","fall",2011,"Oct","Sat",TRUE,"no",69.3920246,76.88525,0.483333,17.291561,"categ1",3318
"2011-10-16","fall",2011,"Oct","Sun",TRUE,"no",69.7610246,77.28386,0.486667,18.875039,"categ1",3293
"2011-10-17","fall",2011,"Oct","Mon",FALSE,"no",71.4215246,77.96525,0.579583,11.750393,"categ1",3857
"2011-10-18","fall",2011,"Oct","Tue",FALSE,"no",71.2985,79.04489,0.701667,7.375829,"categ2",4111
"2011-10-20","fall",2011,"Oct","Thu",FALSE,"no",67.1164754,73.98725,0.63625,28.292425,"categ1",3724
"2011-10-21","fall",2011,"Oct","Fri",FALSE,"no",63.5495,70.12364,0.574167,14.833532,"categ1",3628
"2011-10-22","fall",2011,"Oct","Sat",TRUE,"no",63.1805,70.29428,0.629167,6.2086689,"categ1",2809
"2011-10-23","fall",2011,"Oct","Sun",TRUE,"no",63.1190246,70.00997,0.74125,6.6673375,"categ1",2762
"2011-10-24","fall",2011,"Oct","Mon",FALSE,"no",66.1939754,73.13603,0.772083,7.959064,"categ1",3488
"2011-10-25","fall",2011,"Oct","Tue",FALSE,"no",66.8090246,73.70375,0.622917,11.166086,"categ1",3992
"2011-10-26","fall",2011,"Oct","Wed",FALSE,"no",67.7315246,74.55614,0.720417,9.959014,"categ2",3490
"2011-10-27","fall",2011,"Oct","Thu",FALSE,"no",66.686,73.13414,0.812917,13.250121,"categ2",2419
"2011-10-28","fall",2011,"Oct","Fri",FALSE,"no",56.4154754,60.69308,0.585833,15.375093,"categ2",3291
"2011-10-29","fall",2011,"Oct","Sat",TRUE,"no",50.7575246,52.51217,0.8825,23.541857,"categ3",570
"2011-10-31","fall",2011,"Oct","Mon",FALSE,"no",57.092,64.04567,0.703333,7.12545,"categ1",3307
"2011-11-01","fall",2011,"Nov","Tue",FALSE,"no",61.5814754,67.73792,0.68375,9.083257,"categ1",3658
"2011-11-02","fall",2011,"Nov","Wed",FALSE,"no",59.8595,67.11197,0.71875,5.5001439,"categ1",3816
"2011-11-03","fall",2011,"Nov","Thu",FALSE,"no",62.1349754,68.53289,0.702083,9.166739,"categ1",3656
"2011-11-04","fall",2011,"Nov","Fri",FALSE,"no",61.7659754,68.30528,0.6225,18.209193,"categ2",3576
"2011-11-05","fall",2011,"Nov","Sat",TRUE,"no",56.1080246,61.14686,0.519167,12.667154,"categ1",2770
"2011-11-06","fall",2011,"Nov","Sun",TRUE,"no",57.7069754,64.61222,0.734583,6.1676314,"categ1",2697
"2011-11-07","fall",2011,"Nov","Mon",FALSE,"no",61.151,68.07839,0.75875,3.834075,"categ1",3662
"2011-11-08","fall",2011,"Nov","Tue",FALSE,"no",62.1349754,69.10214,0.721667,4.6255125,"categ1",3829
"2011-11-09","fall",2011,"Nov","Wed",FALSE,"no",61.52,68.81711,0.758333,4.1671186,"categ1",3804
"2011-11-10","fall",2011,"Nov","Thu",FALSE,"no",60.044,65.63489,0.813333,12.667489,"categ2",2743
"2011-11-11","fall",2011,"Nov","Fri",FALSE,"yes",55.9235246,59.61353,0.44625,21.083225,"categ1",2928
"2011-11-12","fall",2011,"Nov","Sat",TRUE,"no",58.3220246,64.21478,0.552917,14.208154,"categ1",2792
"2011-11-13","fall",2011,"Nov","Sun",TRUE,"no",64.5334754,70.7495,0.458333,18.875307,"categ1",2713
"2011-11-15","fall",2011,"Nov","Tue",FALSE,"no",71.114,77.68211,0.68875,13.375411,"categ2",3746
"2011-11-16","fall",2011,"Nov","Wed",FALSE,"no",65.7020246,72.67892,0.93,9.167543,"categ3",1672
"2011-11-17","fall",2011,"Nov","Thu",FALSE,"no",57.2150246,61.08989,0.575833,20.459254,"categ2",2914
"2011-11-18","fall",2011,"Nov","Fri",FALSE,"no",52.2335246,56.54489,0.41,11.291711,"categ1",3147
"2011-11-19","fall",2011,"Nov","Sat",TRUE,"no",56.2925246,61.20347,0.502083,15.041232,"categ1",2720
"2011-11-20","fall",2011,"Nov","Sun",TRUE,"no",66.1939754,73.13522,0.684583,12.45865,"categ2",2733
"2011-11-21","fall",2011,"Nov","Mon",FALSE,"no",65.0255,72.05558,0.91,9.249618,"categ3",2545
"2011-11-22","fall",2011,"Nov","Tue",FALSE,"no",62.7500246,69.95264,0.9625,7.959064,"categ3",1538
"2011-11-23","fall",2011,"Nov","Wed",FALSE,"no",64.5334754,70.74833,0.757917,22.500275,"categ2",2454
"2011-11-25","fall",2011,"Nov","Fri",FALSE,"no",59.675,66.26039,0.64375,6.6260186,"categ1",1697
"2011-11-26","fall",2011,"Nov","Sat",TRUE,"no",59.7364754,66.65783,0.681667,4.5841936,"categ1",1819
"2011-11-27","fall",2011,"Nov","Sun",TRUE,"no",65.8865246,73.022,0.698333,13.999918,"categ1",2261
"2011-11-28","fall",2011,"Nov","Mon",FALSE,"no",69.1566764,76.11098,0.743043,9.522174,"categ1",3614
"2011-11-29","fall",2011,"Nov","Tue",FALSE,"no",65.8249754,72.62375,0.830833,17.292164,"categ2",2818
"2011-11-30","fall",2011,"Nov","Wed",FALSE,"no",55.985,60.00989,0.613333,18.167586,"categ1",3425
"2011-12-01","fall",2011,"Dec","Thu",FALSE,"no",55.0625,59.49986,0.524583,14.750586,"categ1",3545
"2011-12-02","fall",2011,"Dec","Fri",FALSE,"no",55.1855246,61.82897,0.625833,6.750518,"categ1",3672
"2011-12-03","fall",2011,"Dec","Sat",TRUE,"no",54.0785246,59.95436,0.612917,6.4174811,"categ1",2908
"2011-12-04","fall",2011,"Dec","Sun",TRUE,"no",56.4154754,63.419,0.775833,5.6252061,"categ1",2851
"2011-12-05","fall",2011,"Dec","Mon",FALSE,"no",60.4744754,67.45325,0.827083,4.1679561,"categ2",3578
"2011-12-06","fall",2011,"Dec","Tue",FALSE,"no",66.1325,73.076,0.949583,15.583061,"categ3",2468
"2011-12-07","fall",2011,"Dec","Wed",FALSE,"no",62.258,68.02214,0.970417,17.833725,"categ3",655
"2011-12-08","fall",2011,"Dec","Thu",FALSE,"no",51.6184754,55.12442,0.58,16.083886,"categ1",3172
"2011-12-09","fall",2011,"Dec","Fri",FALSE,"no",53.4634754,60.57878,0.695833,5.5420189,"categ1",3359
"2011-12-11","fall",2011,"Dec","Sun",TRUE,"no",48.2974754,54.78386,0.49,4.4582939,"categ1",2366
"2011-12-13","fall",2011,"Dec","Tue",FALSE,"no",52.8485,59.10242,0.59,9.41685,"categ1",3368
"2011-12-15","fall",2011,"Dec","Thu",FALSE,"no",63.1805,69.10133,0.634167,17.958814,"categ2",3528
"2011-12-16","fall",2011,"Dec","Fri",FALSE,"no",59.675,64.38425,0.500417,17.458525,"categ2",3399
"2011-12-17","fall",2011,"Dec","Sat",TRUE,"no",51.0649754,54.44339,0.560833,16.292189,"categ2",2464
"2011-12-18","fall",2011,"Dec","Sun",TRUE,"no",49.5889754,54.10211,0.58625,11.375193,"categ1",2211
"2011-12-19","fall",2011,"Dec","Mon",FALSE,"no",52.4180246,57.28397,0.6375,11.584032,"categ1",3143
"2011-12-20","fall",2011,"Dec","Tue",FALSE,"no",60.4744754,67.68086,0.595417,4.1252436,"categ2",3534
"2011-12-21","winter",2011,"Dec","Wed",FALSE,"no",63.6109754,70.52153,0.858333,14.8338,"categ2",2553
"2011-12-22","winter",2011,"Dec","Thu",FALSE,"no",63.2419754,70.35089,0.7575,3.167425,"categ2",2841
"2011-12-23","winter",2011,"Dec","Fri",FALSE,"no",59.5519754,65.97617,0.68625,18.374482,"categ1",2046
"2011-12-24","winter",2011,"Dec","Sat",TRUE,"no",54.3245,58.93178,0.5425,12.750368,"categ1",856
"2011-12-26","winter",2011,"Dec","Mon",FALSE,"yes",55.7443382,60.39815,0.506957,16.044155,"categ1",887
"2011-12-27","winter",2011,"Dec","Tue",FALSE,"no",55.985,61.48697,0.7625,12.62615,"categ2",1059
"2011-12-28","winter",2011,"Dec","Wed",FALSE,"no",54.075794,57.19766,0.503913,19.695387,"categ1",2047
"2011-12-30","winter",2011,"Dec","Fri",FALSE,"no",55.0010246,60.69308,0.636667,9.000579,"categ1",2508
"2011-12-31","winter",2011,"Dec","Sat",TRUE,"no",62.258,69.27089,0.615833,14.750318,"categ1",1820
"2012-01-01","winter",2012,"Jan","Sun",TRUE,"no",59.306,65.80589,0.6925,12.875189,"categ1",1608
"2012-01-02","winter",2012,"Jan","Mon",FALSE,"yes",52.1505734,54.70736,0.381304,22.087555,"categ1",1707
"2012-01-05","winter",2012,"Jan","Thu",FALSE,"no",51.6184754,57.05708,0.524167,8.709129,"categ1",3132
"2012-01-06","winter",2012,"Jan","Fri",FALSE,"no",56.6615246,62.62403,0.542083,11.249836,"categ1",3791
"2012-01-08","winter",2012,"Jan","Sun",TRUE,"no",56.9075,62.62322,0.465,12.833314,"categ1",2826
"2012-01-10","winter",2012,"Jan","Tue",FALSE,"no",54.7817648,60.69434,0.646522,12.565984,"categ1",3425
"2012-01-11","winter",2012,"Jan","Wed",FALSE,"no",52.2335246,57.45389,0.8475,8.791807,"categ2",2085
"2012-01-12","winter",2012,"Jan","Thu",FALSE,"no",60.2285,66.37442,0.802917,12.124789,"categ2",3828
"2012-01-13","winter",2012,"Jan","Fri",FALSE,"no",52.2335246,54.44258,0.5075,25.333236,"categ1",3040
"2012-01-14","winter",2012,"Jan","Sat",TRUE,"no",45.284,48.47783,0.4575,12.541261,"categ1",2160
"2012-01-15","winter",2012,"Jan","Sun",TRUE,"no",44.3000246,46.54625,0.419167,16.834286,"categ1",2027
"2012-01-16","winter",2012,"Jan","Mon",FALSE,"yes",46.022,49.15967,0.5225,15.500986,"categ1",2081
"2012-01-17","winter",2012,"Jan","Tue",FALSE,"no",59.5305734,64.78502,0.716087,23.39171,"categ2",2808
"2012-01-18","winter",2012,"Jan","Wed",FALSE,"no",54.3859754,56.77286,0.443333,27.833743,"categ1",3267
"2012-01-19","winter",2012,"Jan","Thu",FALSE,"no",46.022,49.10342,0.4975,14.750586,"categ1",3162
"2012-01-20","winter",2012,"Jan","Fri",FALSE,"no",48.0515,51.88622,0.45,13.58425,"categ2",3048
"2012-01-21","winter",2012,"Jan","Sat",TRUE,"no",44.7919754,47.73875,0.83125,14.917014,"categ2",1234
"2012-01-22","winter",2012,"Jan","Sun",TRUE,"no",43.9925,46.6025,0.79625,13.375746,"categ2",1781
"2012-01-23","winter",2012,"Jan","Mon",FALSE,"no",48.1129754,53.87522,0.91125,7.417436,"categ2",2287
"2012-01-24","winter",2012,"Jan","Tue",FALSE,"no",57.2765,63.41972,0.835833,8.292389,"categ1",3900
"2012-01-25","winter",2012,"Jan","Wed",FALSE,"no",53.7095246,58.53389,0.64375,10.791757,"categ1",3803
"2012-01-26","winter",2012,"Jan","Thu",FALSE,"no",57.2150246,64.0445,0.769583,4.9175186,"categ2",3831
"2012-01-28","winter",2012,"Jan","Sat",TRUE,"no",55.3084754,61.37411,0.543333,14.125543,"categ1",3248
"2012-01-29","winter",2012,"Jan","Sun",TRUE,"no",52.8485,56.54489,0.31125,16.08335,"categ1",2685
"2012-01-30","winter",2012,"Jan","Mon",FALSE,"no",51.8645246,55.63625,0.400833,14.458064,"categ1",3498
"2012-01-31","winter",2012,"Jan","Tue",FALSE,"no",60.782,66.31853,0.416667,17.541739,"categ1",4185
"2012-02-01","winter",2012,"Feb","Wed",FALSE,"no",66.6245246,73.98842,0.507917,12.667489,"categ1",4275
"2012-02-02","winter",2012,"Feb","Thu",FALSE,"no",61.4585246,67.90739,0.672917,12.541529,"categ2",3571
"2012-02-03","winter",2012,"Feb","Fri",FALSE,"no",55.1239754,59.84114,0.526667,11.959232,"categ1",3841
"2012-02-04","winter",2012,"Feb","Sat",TRUE,"no",51.4955246,56.54525,0.779583,8.167032,"categ2",2448
"2012-02-05","winter",2012,"Feb","Sun",TRUE,"no",51.6184754,55.80689,0.687917,11.791732,"categ2",2629
"2012-02-06","winter",2012,"Feb","Mon",FALSE,"no",52.8565442,58.67834,0.622174,10.3046,"categ1",3578
"2012-02-07","winter",2012,"Feb","Tue",FALSE,"no",58.1375246,64.49936,0.49625,9.874393,"categ1",4176
"2012-02-08","winter",2012,"Feb","Wed",FALSE,"no",50.9420246,55.97789,0.722917,8.959307,"categ2",2693
"2012-02-09","winter",2012,"Feb","Thu",FALSE,"no",51.557,55.57892,0.562083,13.000479,"categ1",3667
"2012-02-10","winter",2012,"Feb","Fri",FALSE,"no",52.7254754,58.42022,0.54,7.834243,"categ2",3604
"2012-02-11","winter",2012,"Feb","Sat",TRUE,"no",48.5435246,50.97803,0.73125,19.416332,"categ3",1977
"2012-02-13","winter",2012,"Feb","Mon",FALSE,"no",48.4205,52.51217,0.41125,11.207961,"categ1",3328
"2012-02-14","winter",2012,"Feb","Tue",FALSE,"no",55.5545246,62.05514,0.50875,9.458993,"categ2",3787
"2012-02-15","winter",2012,"Feb","Wed",FALSE,"no",57.7069754,63.64661,0.53125,12.1672,"categ1",4028
"2012-02-16","winter",2012,"Feb","Thu",FALSE,"no",55.3700246,61.71458,0.752917,6.125475,"categ2",2931
"2012-02-17","winter",2012,"Feb","Fri",FALSE,"no",57.3379754,63.64661,0.634583,13.791682,"categ1",3805
"2012-02-18","winter",2012,"Feb","Sat",TRUE,"no",57.5840246,63.98825,0.534583,12.792243,"categ1",2883
"2012-02-19","winter",2012,"Feb","Sun",TRUE,"no",52.664,55.92092,0.515833,16.958504,"categ2",2071
"2012-02-20","winter",2012,"Feb","Mon",FALSE,"yes",52.664,56.60519,0.507826,15.348561,"categ1",2627
"2012-02-21","winter",2012,"Feb","Tue",FALSE,"no",53.2415588,58.56017,0.594348,13.783039,"categ1",3614
"2012-02-22","winter",2012,"Feb","Wed",FALSE,"no",61.2124754,67.34003,0.567917,15.709557,"categ1",4379
"2012-02-23","winter",2012,"Feb","Thu",FALSE,"no",65.5175246,72.00014,0.554583,12.791171,"categ1",4546
"2012-02-24","winter",2012,"Feb","Fri",FALSE,"no",62.0735,68.98739,0.7375,15.916989,"categ2",3241
"2012-02-25","winter",2012,"Feb","Sat",TRUE,"no",53.4634754,55.01075,0.395833,28.250014,"categ1",2415
"2012-02-27","winter",2012,"Feb","Mon",FALSE,"no",59.0600246,64.21586,0.490833,17.958211,"categ1",4069
"2012-02-28","winter",2012,"Feb","Tue",FALSE,"no",58.5065246,63.81725,0.395833,12.958939,"categ1",4134
"2012-02-29","winter",2012,"Feb","Wed",FALSE,"no",57.4128824,63.3623,0.804783,12.000839,"categ2",1769
"2012-03-01","winter",2012,"Mar","Thu",FALSE,"no",67.8544754,74.78339,0.615417,15.208129,"categ1",4665
"2012-03-02","winter",2012,"Mar","Fri",FALSE,"no",58.0759754,64.38578,0.657083,9.708568,"categ2",2948
"2012-03-03","winter",2012,"Mar","Sat",TRUE,"no",62.5655246,69.21428,0.62125,10.792293,"categ2",3110
"2012-03-04","winter",2012,"Mar","Sun",TRUE,"no",56.0464754,59.27189,0.403333,22.416257,"categ1",2713
"2012-03-05","winter",2012,"Mar","Mon",FALSE,"no",49.9579754,53.70539,0.50625,15.333486,"categ1",3130
"2012-03-06","winter",2012,"Mar","Tue",FALSE,"no",51.0649754,54.95378,0.456667,13.458625,"categ1",3735
"2012-03-07","winter",2012,"Mar","Wed",FALSE,"no",61.8275246,66.659,0.513333,23.167193,"categ1",4484
"2012-03-08","winter",2012,"Mar","Thu",FALSE,"no",70.9295,79.21436,0.5675,29.584721,"categ1",4896
"2012-03-09","winter",2012,"Mar","Fri",FALSE,"no",62.3194754,67.73747,0.407083,27.7916,"categ2",4122
"2012-03-10","winter",2012,"Mar","Sat",TRUE,"no",53.2175,56.99903,0.350417,15.12525,"categ1",3150
"2012-03-11","winter",2012,"Mar","Sun",TRUE,"no",58.6963382,64.3703,0.476957,14.913329,"categ1",3253
"2012-03-12","winter",2012,"Mar","Mon",FALSE,"no",66.4400246,73.36328,0.489167,13.916771,"categ1",4460
"2012-03-13","winter",2012,"Mar","Tue",FALSE,"no",73.697,80.86361,0.6175,15.87565,"categ1",5085
"2012-03-14","winter",2012,"Mar","Wed",FALSE,"no",74.2505,81.37553,0.507083,7.709154,"categ1",5315
"2012-03-15","winter",2012,"Mar","Thu",FALSE,"no",73.1435,79.95425,0.579583,10.042161,"categ1",5187
"2012-03-16","winter",2012,"Mar","Fri",FALSE,"no",64.1644754,71.26061,0.842083,7.583864,"categ2",3830
"2012-03-17","winter",2012,"Mar","Sat",TRUE,"no",69.9455246,77.45414,0.755833,7.417168,"categ2",4681
"2012-03-18","winter",2012,"Mar","Sun",TRUE,"no",66.8705,73.76,0.81,8.501161,"categ2",3685
"2012-03-19","winter",2012,"Mar","Mon",FALSE,"no",72.221,79.95389,0.72875,10.875239,"categ1",5171
"2012-03-20","winter",2012,"Mar","Tue",FALSE,"no",73.3894754,80.46797,0.807917,8.125157,"categ1",5042
"2012-03-21","spring",2012,"Mar","Wed",FALSE,"no",71.2370246,78.19322,0.82125,6.0004061,"categ2",5108
"2012-03-22","spring",2012,"Mar","Thu",FALSE,"no",72.8975246,79.84103,0.83125,7.876654,"categ1",5537
"2012-03-23","spring",2012,"Mar","Fri",FALSE,"no",76.4030246,83.30603,0.694167,7.7921,"categ2",5893
"2012-03-24","spring",2012,"Mar","Sat",TRUE,"no",69.0845,75.80597,0.885417,12.916461,"categ2",2339
"2012-03-25","spring",2012,"Mar","Sun",TRUE,"no",64.2875,71.37392,0.880833,14.791925,"categ2",3464
"2012-03-26","spring",2012,"Mar","Mon",FALSE,"no",64.9024754,71.4875,0.477917,25.917007,"categ1",4763
"2012-03-27","spring",2012,"Mar","Tue",FALSE,"no",55.8619754,60.40886,0.29,12.541864,"categ1",4571
"2012-03-28","spring",2012,"Mar","Wed",FALSE,"no",67.7315246,74.3855,0.48125,19.541957,"categ1",5024
"2012-03-29","spring",2012,"Mar","Thu",FALSE,"no",68.4695246,75.40736,0.439167,21.41655,"categ1",5299
"2012-03-30","spring",2012,"Mar","Fri",FALSE,"no",59.306,65.80589,0.580833,9.250489,"categ2",4663
"2012-03-31","spring",2012,"Mar","Sat",TRUE,"no",63.3035246,69.95372,0.738333,16.791339,"categ2",3934
"2012-04-01","spring",2012,"Apr","Sun",TRUE,"no",63.4264754,69.55583,0.67625,11.541889,"categ2",3694
"2012-04-02","spring",2012,"Apr","Mon",FALSE,"no",64.0227794,70.47617,0.504348,20.913313,"categ1",4728
"2012-04-03","spring",2012,"Apr","Tue",FALSE,"no",66.4400246,73.53347,0.396667,6.708911,"categ1",5424
"2012-04-05","spring",2012,"Apr","Thu",FALSE,"no",64.103,70.80467,0.374167,14.708443,"categ1",5265
"2012-04-06","spring",2012,"Apr","Fri",FALSE,"no",61.7659754,67.16903,0.377083,20.125996,"categ1",4653
"2012-04-07","spring",2012,"Apr","Sat",TRUE,"no",64.2875,70.35161,0.254167,18.416357,"categ1",3605
"2012-04-08","spring",2012,"Apr","Sun",TRUE,"no",68.9,76.31825,0.275833,15.583932,"categ1",2939
"2012-04-09","spring",2012,"Apr","Mon",FALSE,"no",68.1005246,74.89742,0.3175,23.999132,"categ1",4680
"2012-04-10","spring",2012,"Apr","Tue",FALSE,"no",64.9640246,71.26097,0.435,16.708125,"categ1",5099
"2012-04-12","spring",2012,"Apr","Thu",FALSE,"no",61.3355,66.88436,0.46625,19.458743,"categ1",4746
"2012-04-13","spring",2012,"Apr","Fri",FALSE,"no",64.6565,70.86272,0.408333,10.416557,"categ1",5146
"2012-04-14","spring",2012,"Apr","Sat",TRUE,"no",68.531,75.91964,0.502917,12.791439,"categ1",4665
"2012-04-15","spring",2012,"Apr","Sun",TRUE,"no",76.7720246,83.64875,0.507917,15.083643,"categ1",4286
"2012-04-18","spring",2012,"Apr","Wed",FALSE,"no",66.1939754,73.13342,0.569167,11.250104,"categ2",4020
"2012-04-19","spring",2012,"Apr","Thu",FALSE,"no",68.7769754,76.37414,0.6125,4.4172564,"categ1",5719
"2012-04-20","spring",2012,"Apr","Fri",FALSE,"no",70.8680246,78.41975,0.694583,10.041357,"categ1",5950
"2012-04-21","spring",2012,"Apr","Sat",TRUE,"no",74.066,80.86289,0.682917,19.000329,"categ1",4083
"2012-04-22","spring",2012,"Apr","Sun",TRUE,"no",61.2740246,67.05536,0.835417,23.084582,"categ3",907
"2012-04-23","spring",2012,"Apr","Mon",FALSE,"no",55.7390246,59.10125,0.766667,20.334232,"categ2",3019
"2012-04-24","spring",2012,"Apr","Tue",FALSE,"no",62.5039754,68.47547,0.454167,16.708661,"categ1",5115
"2012-04-25","spring",2012,"Apr","Wed",FALSE,"no",67.1780246,74.32853,0.427917,7.959064,"categ1",5541
"2012-04-26","spring",2012,"Apr","Thu",FALSE,"no",68.7769754,75.52247,0.756667,11.833875,"categ2",4551
"2012-04-27","spring",2012,"Apr","Fri",FALSE,"no",65.7635,72.73733,0.400833,23.291411,"categ1",5219
"2012-04-28","spring",2012,"Apr","Sat",TRUE,"no",59.7980246,65.97536,0.489583,8.708325,"categ2",3100
"2012-04-29","spring",2012,"Apr","Sun",TRUE,"no",65.8249754,72.51089,0.587083,7.832836,"categ1",4075
"2012-04-30","spring",2012,"Apr","Mon",FALSE,"no",66.2555246,73.19264,0.57,11.499746,"categ2",4907
"2012-05-01","spring",2012,"May","Tue",FALSE,"no",77.2639754,83.93189,0.659583,10.458432,"categ2",5087
"2012-05-02","spring",2012,"May","Wed",FALSE,"no",73.6355246,80.41064,0.797083,9.249886,"categ1",5502
"2012-05-03","spring",2012,"May","Thu",FALSE,"no",73.328,80.35178,0.768333,8.957632,"categ2",5657
"2012-05-04","spring",2012,"May","Fri",FALSE,"no",78.3095,85.18253,0.735417,10.916846,"categ1",5227
"2012-05-05","spring",2012,"May","Sat",TRUE,"no",77.8790246,84.61472,0.756667,10.250464,"categ2",4387
"2012-05-06","spring",2012,"May","Sun",TRUE,"no",73.5125,81.20633,0.74,10.041893,"categ2",4224
"2012-05-07","spring",2012,"May","Mon",FALSE,"no",71.6675,79.44278,0.664167,15.458307,"categ2",5265
"2012-05-08","spring",2012,"May","Tue",FALSE,"no",74.9270246,82.17239,0.685833,19.833943,"categ2",4990
"2012-05-09","spring",2012,"May","Wed",FALSE,"no",74.435,81.77225,0.744167,14.499604,"categ2",4097
"2012-05-10","spring",2012,"May","Thu",FALSE,"no",69.3304754,76.26047,0.552083,21.042221,"categ1",5546
"2012-05-12","spring",2012,"May","Sat",TRUE,"no",73.6355246,81.03353,0.480417,8.249911,"categ1",4807
"2012-05-13","spring",2012,"May","Sun",TRUE,"no",77.2025,84.67142,0.57625,15.082839,"categ1",3946
"2012-05-14","spring",2012,"May","Mon",FALSE,"no",74.3119754,81.491,0.789583,14.250364,"categ2",2501
"2012-05-15","spring",2012,"May","Tue",FALSE,"no",77.1410246,83.87636,0.794583,9.875264,"categ2",4490
"2012-05-16","spring",2012,"May","Wed",FALSE,"no",78.9860246,85.63775,0.697917,8.208304,"categ1",6433
"2012-05-17","spring",2012,"May","Thu",FALSE,"no",75.7879754,83.53517,0.52,15.374825,"categ1",6142
"2012-05-20","spring",2012,"May","Sun",TRUE,"no",77.8174754,84.55703,0.530417,17.042589,"categ1",4425
"2012-05-21","spring",2012,"May","Mon",FALSE,"no",76.1569754,82.91003,0.81125,15.624668,"categ2",3729
"2012-05-22","spring",2012,"May","Tue",FALSE,"no",77.387,84.27425,0.765833,7.917189,"categ2",5254
"2012-05-23","spring",2012,"May","Wed",FALSE,"no",77.8790246,84.61508,0.774583,6.834,"categ2",4494
"2012-05-24","spring",2012,"May","Thu",FALSE,"no",80.339,86.603,0.716667,11.584032,"categ1",5711
"2012-06-01","spring",2012,"Jun","Fri",FALSE,"no",80.2775246,86.71658,0.755417,15.916721,"categ2",3594
"2012-06-02","spring",2012,"Jun","Sat",TRUE,"no",75.0499754,82.96592,0.549167,12.499654,"categ1",5325
"2012-06-03","spring",2012,"Jun","Sun",TRUE,"no",76.4645,83.76197,0.493333,12.333829,"categ1",5147
"2012-06-04","spring",2012,"Jun","Mon",FALSE,"no",76.0955,84.04547,0.487083,19.083811,"categ1",5927
"2012-06-05","spring",2012,"Jun","Tue",FALSE,"no",71.9134754,79.33028,0.613333,14.041525,"categ2",6033
"2012-06-06","spring",2012,"Jun","Wed",FALSE,"no",72.8975246,80.80628,0.61125,5.167375,"categ1",6028
"2012-06-07","spring",2012,"Jun","Thu",FALSE,"no",76.4645,83.24978,0.567083,10.54245,"categ1",6456
"2012-06-08","spring",2012,"Jun","Fri",FALSE,"no",79.9085246,85.80758,0.467917,11.750661,"categ1",6248
"2012-06-12","spring",2012,"Jun","Tue",FALSE,"no",80.2159754,85.80875,0.833333,14.374582,"categ2",4495
"2012-06-15","spring",2012,"Jun","Fri",FALSE,"no",79.1705246,85.97786,0.589583,11.833339,"categ1",6102
"2012-06-16","spring",2012,"Jun","Sat",TRUE,"no",78.6170246,85.52372,0.504167,11.166689,"categ1",4739
"2012-06-17","spring",2012,"Jun","Sun",TRUE,"no",75.7265,83.47775,0.59875,9.708568,"categ1",4344
"2012-06-18","spring",2012,"Jun","Mon",FALSE,"no",73.9429754,81.03578,0.777917,11.707982,"categ2",4446
"2012-06-26","summer",2012,"Jun","Tue",FALSE,"no",78.5554754,85.52336,0.373333,23.292014,"categ1",6365
"2012-07-21","summer",2012,"Jul","Sat",TRUE,"no",75.9724754,81.49208,0.865417,14.2911,"categ3",3195
"2012-08-17","summer",2012,"Aug","Fri",FALSE,"no",85.3819754,53.816,0.570833,15.500718,"categ1",5665
"2012-08-19","summer",2012,"Aug","Sun",TRUE,"no",78.9244754,86.31986,0.711667,5.79215,"categ2",3341
"2012-08-20","summer",2012,"Aug","Mon",FALSE,"no",78.9244754,85.63703,0.734167,8.708593,"categ2",5504
"2012-08-21","summer",2012,"Aug","Tue",FALSE,"no",79.9085246,86.09225,0.67375,4.8756436,"categ1",5925
"2012-08-26","summer",2012,"Aug","Sun",TRUE,"no",80.2159754,85.63964,0.845833,15.333486,"categ2",3772
"2012-09-09","summer",2012,"Sep","Sun",TRUE,"no",77.018,84.10325,0.5475,15.041232,"categ1",5657
"2012-09-10","summer",2012,"Sep","Mon",FALSE,"no",75.0499754,82.90886,0.50375,17.333771,"categ1",6407
"2012-09-11","summer",2012,"Sep","Tue",FALSE,"no",74.6195,81.88628,0.52,6.1676314,"categ1",6697
"2012-09-12","summer",2012,"Sep","Wed",FALSE,"no",76.2185246,83.30675,0.577083,8.833682,"categ1",6820
"2012-09-13","summer",2012,"Sep","Thu",FALSE,"no",77.2025,84.16022,0.637083,5.5422936,"categ1",6750
"2012-09-14","summer",2012,"Sep","Fri",FALSE,"no",78.7399754,85.46747,0.6725,6.958821,"categ1",6630
"2012-09-15","summer",2012,"Sep","Sat",TRUE,"no",76.8949754,84.72803,0.501667,16.583907,"categ1",5554
"2012-09-18","summer",2012,"Sep","Tue",FALSE,"no",78.0019754,82.85603,0.8725,23.958329,"categ2",3702
"2012-09-19","summer",2012,"Sep","Wed",FALSE,"no",72.7745,80.63636,0.536667,14.416725,"categ1",6803
"2012-09-20","summer",2012,"Sep","Thu",FALSE,"no",72.3440246,79.89728,0.618333,7.917189,"categ1",6781
"2012-09-21","summer",2012,"Sep","Fri",FALSE,"no",76.2185246,83.47739,0.66875,10.333343,"categ1",6917
"2012-09-22","summer",2012,"Sep","Sat",TRUE,"no",79.97,86.94392,0.646667,19.000061,"categ1",5883
"2012-09-23","fall",2012,"Sep","Sun",TRUE,"no",71.0525246,78.70397,0.467083,14.958286,"categ1",5453
"2012-09-24","fall",2012,"Sep","Mon",FALSE,"no",69.9455246,77.22617,0.492917,9.541068,"categ1",6435
"2012-09-25","fall",2012,"Sep","Tue",FALSE,"no",72.59,80.97611,0.57,15.833507,"categ1",6693
"2012-09-26","fall",2012,"Sep","Wed",FALSE,"no",78.863,85.69517,0.630833,16.3748,"categ1",6946
"2012-09-27","fall",2012,"Sep","Thu",FALSE,"no",79.97,86.71775,0.690833,9.000914,"categ2",6642
"2012-09-28","fall",2012,"Sep","Fri",FALSE,"no",77.6945246,84.72767,0.69,10.999993,"categ2",6370
"2012-09-29","fall",2012,"Sep","Sat",TRUE,"no",72.0365,79.72664,0.542917,15.249468,"categ1",5966
"2012-09-30","fall",2012,"Sep","Sun",TRUE,"no",70.8680246,78.58967,0.583333,9.042186,"categ1",4874
"2012-10-01","fall",2012,"Oct","Mon",FALSE,"no",70.4374754,78.08,0.649167,6.0838814,"categ2",6015
"2012-10-02","fall",2012,"Oct","Tue",FALSE,"no",75.6034754,80.80997,0.871667,6.999825,"categ3",4324
"2012-10-03","fall",2012,"Oct","Wed",FALSE,"no",80.5235,85.92197,0.79375,4.4585686,"categ2",6844
"2012-10-04","fall",2012,"Oct","Thu",FALSE,"no",80.5235,86.71775,0.722917,7.875582,"categ2",6437
"2012-10-05","fall",2012,"Oct","Fri",FALSE,"no",77.387,84.21683,0.6275,7.12545,"categ1",6640
"2012-10-06","fall",2012,"Oct","Sat",TRUE,"no",72.8975246,80.46689,0.664167,17.957675,"categ1",4934
"2012-10-09","fall",2012,"Oct","Tue",FALSE,"no",64.9640246,71.43008,0.761667,12.7501,"categ2",5791
"2012-10-10","fall",2012,"Oct","Wed",FALSE,"no",69.9455246,77.28278,0.630833,12.584007,"categ1",6911
"2012-10-11","fall",2012,"Oct","Thu",FALSE,"no",64.103,70.80503,0.463333,12.166932,"categ1",6736
"2012-10-12","fall",2012,"Oct","Fri",FALSE,"no",64.2875,70.97639,0.539167,15.751164,"categ1",6222
"2012-10-13","fall",2012,"Oct","Sat",TRUE,"no",61.0279754,67.22564,0.494583,9.791514,"categ1",4857
"2012-10-16","fall",2012,"Oct","Tue",FALSE,"no",66.5629754,73.47614,0.558333,12.208807,"categ1",6612
"2012-10-17","fall",2012,"Oct","Wed",FALSE,"no",65.6404754,72.50972,0.692917,6.791857,"categ1",6482
"2012-10-18","fall",2012,"Oct","Thu",FALSE,"no",70.5605,78.13625,0.728333,15.874779,"categ2",6501
"2012-10-19","fall",2012,"Oct","Fri",FALSE,"no",73.5739754,80.41064,0.815,9.041918,"categ2",4671
"2012-10-20","fall",2012,"Oct","Sat",TRUE,"no",67.7315246,74.55578,0.572917,7.874979,"categ1",5284
"2012-10-21","fall",2012,"Oct","Sun",TRUE,"no",66.2555246,73.07861,0.51,11.125618,"categ1",4692
"2012-10-22","fall",2012,"Oct","Mon",FALSE,"no",67.9775,75.46478,0.568333,5.4593811,"categ1",6228
"2012-10-23","fall",2012,"Oct","Tue",FALSE,"no",72.1595246,79.72736,0.641667,6.3345686,"categ1",6625
"2012-10-24","fall",2012,"Oct","Wed",FALSE,"no",75.3575,82.28489,0.63625,4.8762064,"categ1",6898
"2012-10-25","fall",2012,"Oct","Thu",FALSE,"no",72.59,79.67192,0.800417,8.333125,"categ2",6484
"2012-10-26","fall",2012,"Oct","Fri",FALSE,"no",72.2824754,79.0475,0.807083,8.875289,"categ2",6262
"2012-10-27","fall",2012,"Oct","Sat",TRUE,"no",71.114,78.36197,0.72,15.791364,"categ2",5209
"2012-10-28","fall",2012,"Oct","Sun",TRUE,"no",67.2395,74.09939,0.694583,26.666536,"categ2",3461
"2012-10-29","fall",2012,"Oct","Mon",FALSE,"no",64.472,71.546,0.88,23.9994,"categ3",20
"2012-10-30","fall",2012,"Oct","Tue",FALSE,"no",55.4818316,59.89181,0.825455,14.271603,"categ2",1009
"2012-10-31","fall",2012,"Oct","Wed",FALSE,"no",58.3835,64.499,0.666667,11.166689,"categ2",5147
"2012-11-01","fall",2012,"Nov","Thu",FALSE,"no",58.9984754,65.29478,0.581667,10.542182,"categ2",5520
"2012-11-02","fall",2012,"Nov","Fri",FALSE,"no",58.199,64.04378,0.522083,17.833725,"categ1",5229
"2012-11-03","fall",2012,"Nov","Sat",TRUE,"no",57.3379754,61.14614,0.49125,18.125443,"categ2",4109
"2012-11-04","fall",2012,"Nov","Sun",TRUE,"no",56.0464754,61.65842,0.532917,12.000236,"categ1",3906
"2012-11-05","fall",2012,"Nov","Mon",FALSE,"no",55.5545246,59.72675,0.494167,15.833775,"categ1",4881
"2012-11-06","fall",2012,"Nov","Tue",FALSE,"no",52.7254754,57.34103,0.567083,11.625371,"categ1",5220
"2012-11-07","fall",2012,"Nov","Wed",FALSE,"no",53.8324754,56.71589,0.5475,20.375236,"categ2",4709
"2012-11-08","fall",2012,"Nov","Thu",FALSE,"no",57.9904412,62.77019,0.333478,23.304945,"categ1",4975
"2012-11-09","fall",2012,"Nov","Fri",FALSE,"no",58.6910246,63.98717,0.540833,14.375386,"categ1",5283
"2012-11-10","fall",2012,"Nov","Sat",TRUE,"no",60.7205246,67.45433,0.645417,3.8756686,"categ1",4446
"2012-11-11","fall",2012,"Nov","Sun",TRUE,"no",63.0574754,69.95417,0.659167,8.5425,"categ1",4562
"2012-11-12","fall",2012,"Nov","Mon",FALSE,"yes",67.793,74.78447,0.741667,11.625639,"categ1",5172
"2012-11-13","fall",2012,"Nov","Tue",FALSE,"no",57.3379754,61.09025,0.662917,22.917082,"categ2",3767
"2012-11-14","fall",2012,"Nov","Wed",FALSE,"no",53.3405246,57.34067,0.552083,13.374875,"categ1",5122
"2012-11-15","fall",2012,"Nov","Thu",FALSE,"no",55.7390246,61.20428,0.620417,10.250129,"categ2",5125
"2012-11-17","fall",2012,"Nov","Sat",TRUE,"no",55.985,61.37447,0.545417,12.041843,"categ1",4316
"2012-11-18","fall",2012,"Nov","Sun",TRUE,"no",57.2765,62.39714,0.692917,15.250004,"categ1",3747
"2012-11-19","fall",2012,"Nov","Mon",FALSE,"no",60.1054754,65.80589,0.623333,15.749489,"categ2",5050
"2012-11-20","fall",2012,"Nov","Tue",FALSE,"no",59.6135246,66.26003,0.685,5.542575,"categ2",5100
"2012-11-21","fall",2012,"Nov","Wed",FALSE,"no",58.0759754,64.84028,0.61375,6.917482,"categ1",4531
"2012-11-22","fall",2012,"Nov","Thu",FALSE,"yes",57.092,63.53339,0.580417,3.5423436,"categ1",1470
"2012-11-23","fall",2012,"Nov","Fri",FALSE,"no",59.1829754,66.09011,0.56875,9.917407,"categ1",2307
"2012-11-24","fall",2012,"Nov","Sat",TRUE,"no",52.5409754,54.38678,0.404583,25.250357,"categ1",1745
"2012-11-25","fall",2012,"Nov","Sun",TRUE,"no",50.1424754,55.18247,0.468333,10.0835,"categ1",2115
"2012-11-26","fall",2012,"Nov","Mon",FALSE,"no",55.1239754,62.51036,0.535417,3.12555,"categ1",4750
"2012-11-27","fall",2012,"Nov","Tue",FALSE,"no",53.5250246,57.34022,0.786667,15.916654,"categ2",3836
"2012-11-28","fall",2012,"Nov","Wed",FALSE,"no",53.8940246,58.07858,0.50625,14.125007,"categ1",5062
"2012-11-29","fall",2012,"Nov","Thu",FALSE,"no",52.728206,58.85798,0.555652,7.739974,"categ1",5080
"2012-11-30","fall",2012,"Nov","Fri",FALSE,"no",54.0169754,61.14803,0.649583,3.9175436,"categ1",5306
"2012-12-01","fall",2012,"Dec","Sat",TRUE,"no",54.0169754,60.52136,0.806667,4.0001814,"categ2",4240
"2012-12-02","fall",2012,"Dec","Sun",TRUE,"no",57.6455,64.32872,0.823333,8.333393,"categ2",3757
"2012-12-03","fall",2012,"Dec","Mon",FALSE,"no",65.3945,73.02164,0.7675,5.5422936,"categ1",5679
"2012-12-04","fall",2012,"Dec","Tue",FALSE,"no",67.1164754,74.21486,0.73375,11.666643,"categ1",6055
"2012-12-05","fall",2012,"Dec","Wed",FALSE,"no",64.3489754,70.52108,0.485,21.709407,"categ1",5398
"2012-12-06","fall",2012,"Dec","Thu",FALSE,"no",50.8804754,55.23836,0.50875,11.708518,"categ1",5035
"2012-12-07","fall",2012,"Dec","Fri",FALSE,"no",55.6774754,60.97622,0.764167,8.7502,"categ2",4659
"2012-12-08","fall",2012,"Dec","Sat",TRUE,"no",60.1670246,67.05572,0.91125,6.792393,"categ2",4429
"2012-12-09","fall",2012,"Dec","Sun",TRUE,"no",60.3515246,67.11314,0.905417,10.584325,"categ2",2787
"2012-12-10","fall",2012,"Dec","Mon",FALSE,"no",64.1644754,71.20175,0.925,12.750636,"categ2",4841
"2012-12-11","fall",2012,"Dec","Tue",FALSE,"no",58.0759754,62.45267,0.596667,19.834479,"categ2",5219
"2012-12-12","fall",2012,"Dec","Wed",FALSE,"no",53.9555,58.76042,0.538333,10.916779,"categ2",5009
"2012-12-13","fall",2012,"Dec","Thu",FALSE,"no",53.8324754,58.47692,0.485833,11.666643,"categ1",5107
"2012-12-14","fall",2012,"Dec","Fri",FALSE,"no",52.7870246,58.47728,0.642917,8.792343,"categ1",5182
"2012-12-15","fall",2012,"Dec","Sat",TRUE,"no",55.9235246,62.45447,0.650417,7.12545,"categ1",4280
"2012-12-16","fall",2012,"Dec","Sun",TRUE,"no",58.7525,65.29442,0.83875,6.749714,"categ2",3248
"2012-12-17","fall",2012,"Dec","Mon",FALSE,"no",61.0279754,68.135,0.907083,6.5833061,"categ2",4373
"2012-12-18","fall",2012,"Dec","Tue",FALSE,"no",62.3194754,68.87372,0.66625,14.834068,"categ1",5124
"2012-12-19","fall",2012,"Dec","Wed",FALSE,"no",56.5385,62.79458,0.625417,12.334164,"categ1",4934
"2012-12-20","fall",2012,"Dec","Thu",FALSE,"no",56.354,62.16953,0.667917,8.875021,"categ2",3814
"2012-12-21","winter",2012,"Dec","Fri",FALSE,"no",56.1080246,59.15903,0.556667,25.083661,"categ2",3402
"2012-12-22","winter",2012,"Dec","Sat",TRUE,"no",51.6184754,53.25017,0.44125,27.292182,"categ1",1544
"2012-12-23","winter",2012,"Dec","Sun",TRUE,"no",50.1424754,55.35239,0.515417,8.916561,"categ1",1379
"2012-12-24","winter",2012,"Dec","Mon",FALSE,"no",49.0702352,55.301,0.791304,5.1744368,"categ2",746
"2012-12-25","winter",2012,"Dec","Tue",FALSE,"yes",53.4982352,58.50185,0.734783,11.304642,"categ2",573
"2012-12-27","winter",2012,"Dec","Thu",FALSE,"no",50.7575246,52.39778,0.652917,23.458911,"categ2",1867
"2012-12-28","winter",2012,"Dec","Fri",FALSE,"no",50.6959754,54.95414,0.59,10.416557,"categ2",2451
"2012-12-29","winter",2012,"Dec","Sat",TRUE,"no",50.6959754,53.816,0.752917,8.333661,"categ2",1182
"2012-12-30","winter",2012,"Dec","Sun",TRUE,"no",50.8804754,52.853,0.483333,23.500518,"categ1",1432
"2012-12-31","winter",2012,"Dec","Mon",FALSE,"no",47.9284754,52.11383,0.5775,10.374682,"categ2",2290
